embedder,chunk_size,overlap,time_ms,memory_kb
MiniLM,200,50,78968.75,41753.2978515625
MiniLM,500,100,51125.0,588.572265625
MiniLM,1000,200,45375.0,575.427734375
MPNet,200,50,406546.875,642.509765625
MPNet,500,100,346656.25,587.8701171875
MPNet,1000,200,313921.875,577.1064453125
Instructor,200,50,6454078.125,606.70703125
Instructor,500,100,6010296.875,571.3017578125
Instructor,1000,200,5387281.25,560.4638671875
